{"version": "1", "message": "ERROR: Hidden Testcases server unreachable.", "problem_id": "ads2_m2_a1_1", "user_id": "SaiKiranReddyPitta", "score": {"sample": {"0": {"execution_time": 0.2152860164642334, "passed": true}, "1": {"execution_time": 0.3454270362854004, "passed": true}, "2": {"execution_time": 0.3477144241333008, "passed": true}, "3": {"execution_time": 0.34586501121520996, "passed": true}, "4": {"execution_time": 0.23482203483581543, "passed": true}, "5": {"execution_time": 0.27797913551330566, "passed": true}, "6": {"execution_time": 0.21943044662475586, "passed": true}, "7": {"execution_time": 0.30629992485046387, "passed": true}, "8": {"execution_time": 0.2267136573791504, "passed": true}, "9": {"execution_time": 0.24641203880310059, "passed": true}, "10": {"execution_time": 0.27445530891418457, "passed": true}, "11": {"execution_time": 0.18637919425964355, "passed": true}, "12": {"execution_time": 0.40549135208129883, "passed": true}, "13": {"execution_time": 0.25794529914855957, "passed": true}, "14": {"execution_time": 0.18958187103271484, "passed": true}, "15": {"execution_time": 0.3544025421142578, "passed": true}, "16": {"execution_time": 0.2743077278137207, "passed": true}, "17": {"execution_time": 0.24287056922912598, "passed": true}, "18": {"execution_time": 0.22718024253845215, "passed": true}, "19": {"execution_time": 0.32245945930480957, "passed": true}, "20": {"execution_time": 0.22930526733398438, "passed": true}, "21": {"execution_time": 0.22965073585510254, "passed": true}, "22": {"execution_time": 0.32054948806762695, "passed": true}, "23": {"execution_time": 0.3553037643432617, "passed": true}}}, "check_style_score": "0/1"}