{"version": "1", "message": "ERROR: Hidden Testcases server unreachable.", "problem_id": "ads2_m2_a1_1", "user_id": "SaiKiranReddyPitta", "score": {"sample": {"0": {"execution_time": 0.3973381519317627, "passed": true}, "1": {"execution_time": 0.229719877243042, "passed": true}, "2": {"execution_time": 0.24562740325927734, "passed": true}, "3": {"execution_time": 0.1829977035522461, "passed": true}, "4": {"execution_time": 0.23300433158874512, "passed": true}, "5": {"execution_time": 0.2747018337249756, "passed": true}, "6": {"execution_time": 0.3080577850341797, "passed": true}, "7": {"execution_time": 0.2808969020843506, "passed": true}, "8": {"execution_time": 0.24463534355163574, "passed": true}, "9": {"execution_time": 0.21895742416381836, "passed": true}, "10": {"execution_time": 0.21476340293884277, "passed": true}, "11": {"execution_time": 0.26145362854003906, "passed": true}, "12": {"execution_time": 0.2508687973022461, "passed": true}, "13": {"execution_time": 0.3608129024505615, "passed": true}, "14": {"execution_time": 0.23538541793823242, "passed": true}, "15": {"execution_time": 0.25217485427856445, "passed": true}, "16": {"execution_time": 0.24650216102600098, "passed": true}, "17": {"execution_time": 0.2444899082183838, "passed": true}, "18": {"execution_time": 0.2970447540283203, "passed": true}, "19": {"execution_time": 0.33980560302734375, "passed": true}, "20": {"execution_time": 0.27007627487182617, "passed": true}, "21": {"execution_time": 0.2809116840362549, "passed": true}, "22": {"execution_time": 0.2915050983428955, "passed": true}, "23": {"execution_time": 0.4193861484527588, "passed": true}}}, "check_style_score": "0/1"}