{"version": "1", "message": "ERROR: Hidden Testcases server unreachable.", "problem_id": "ads2_m2_a1_1", "user_id": "SaiKiranReddyPitta", "score": {"sample": {"0": {"execution_time": 0.2699086666107178, "passed": true}, "1": {"execution_time": 0.2130892276763916, "passed": true}, "2": {"execution_time": 0.3014707565307617, "passed": true}, "3": {"execution_time": 0.25644564628601074, "passed": true}, "4": {"execution_time": 0.26845240592956543, "passed": true}, "5": {"execution_time": 0.1646261215209961, "passed": true}, "6": {"execution_time": 0.21761655807495117, "passed": true}, "7": {"execution_time": 0.17208123207092285, "passed": true}, "8": {"execution_time": 0.2302250862121582, "passed": true}, "9": {"execution_time": 0.31339311599731445, "passed": true}, "10": {"execution_time": 0.3211233615875244, "passed": true}, "11": {"execution_time": 0.29017138481140137, "passed": true}, "12": {"execution_time": 0.24325919151306152, "passed": true}, "13": {"execution_time": 0.2537717819213867, "passed": true}, "14": {"execution_time": 0.2718527317047119, "passed": true}, "15": {"execution_time": 0.26769137382507324, "passed": true}, "16": {"execution_time": 0.292438268661499, "passed": true}, "17": {"execution_time": 0.26582837104797363, "passed": true}, "18": {"execution_time": 0.20348310470581055, "passed": true}, "19": {"execution_time": 0.22350525856018066, "passed": true}, "20": {"execution_time": 0.23368549346923828, "passed": true}, "21": {"execution_time": 0.22765421867370605, "passed": true}, "22": {"execution_time": 0.22129559516906738, "passed": true}, "23": {"execution_time": 0.3282310962677002, "passed": true}}}, "check_style_score": "1/1"}