{"version": "1", "message": "ERROR: Hidden Testcases server unreachable.", "problem_id": "ads2_m2_a1_1", "user_id": "SaiKiranReddyPitta", "score": {"sample": {"0": {"execution_time": 0.23375558853149414, "passed": true}, "1": {"execution_time": 0.3186655044555664, "passed": true}, "2": {"execution_time": 0.33997654914855957, "passed": true}, "3": {"execution_time": 0.25703954696655273, "passed": true}, "4": {"execution_time": 0.17490911483764648, "passed": true}, "5": {"execution_time": 0.33300280570983887, "passed": true}, "6": {"execution_time": 0.3391687870025635, "passed": true}, "7": {"execution_time": 0.32259273529052734, "passed": true}, "8": {"execution_time": 0.3069114685058594, "passed": true}, "9": {"execution_time": 0.24101758003234863, "passed": true}, "10": {"execution_time": 0.2625582218170166, "passed": true}, "11": {"execution_time": 0.22124767303466797, "passed": true}, "12": {"execution_time": 0.3101534843444824, "passed": true}, "13": {"execution_time": 0.28142857551574707, "passed": true}, "14": {"execution_time": 0.2942228317260742, "passed": true}, "15": {"execution_time": 0.27045416831970215, "passed": true}, "16": {"execution_time": 0.24765467643737793, "passed": true}, "17": {"execution_time": 0.33617234230041504, "passed": true}, "18": {"execution_time": 0.3157525062561035, "passed": true}, "19": {"execution_time": 0.3123900890350342, "passed": true}, "20": {"execution_time": 0.2959752082824707, "passed": true}, "21": {"execution_time": 0.2503976821899414, "passed": true}, "22": {"execution_time": 0.3318448066711426, "passed": true}, "23": {"execution_time": 0.3796389102935791, "passed": true}}}, "check_style_score": "0/1"}