{"version": "1", "message": "ERROR: Hidden Testcases server unreachable.", "problem_id": "ads2_m2_a1_1", "user_id": "SaiKiranReddyPitta", "score": {"sample": {"0": {"execution_time": 0.21109437942504883, "passed": true}, "1": {"execution_time": 0.4051802158355713, "passed": true}, "2": {"execution_time": 0.253751277923584, "passed": true}, "3": {"execution_time": 0.2872323989868164, "passed": true}, "4": {"execution_time": 0.27268147468566895, "passed": true}, "5": {"execution_time": 0.31242990493774414, "passed": true}, "6": {"execution_time": 0.18922710418701172, "passed": true}, "7": {"execution_time": 0.22089195251464844, "passed": true}, "8": {"execution_time": 0.25823092460632324, "passed": true}, "9": {"execution_time": 0.25164151191711426, "passed": true}, "10": {"execution_time": 0.24641847610473633, "passed": true}, "11": {"execution_time": 0.21970582008361816, "passed": true}, "12": {"execution_time": 0.25213027000427246, "passed": true}, "13": {"execution_time": 0.1768639087677002, "passed": true}, "14": {"execution_time": 0.1608273983001709, "passed": true}, "15": {"execution_time": 0.2567455768585205, "passed": true}, "16": {"execution_time": 0.2837862968444824, "passed": true}, "17": {"execution_time": 0.2579483985900879, "passed": true}, "18": {"execution_time": 0.24840378761291504, "passed": true}, "19": {"execution_time": 0.37531471252441406, "passed": true}, "20": {"execution_time": 0.2713737487792969, "passed": true}, "21": {"execution_time": 0.28101301193237305, "passed": true}, "22": {"execution_time": 0.46211719512939453, "passed": true}, "23": {"execution_time": 0.27255845069885254, "passed": true}}}, "check_style_score": "1/1"}