{"version": "1", "message": "ERROR: Hidden Testcases server unreachable.", "problem_id": "ads2_m2_a1_1", "user_id": "SaiKiranReddyPitta", "score": {"sample": {"0": {"execution_time": 0.272031307220459, "passed": true}, "1": {"execution_time": 0.20508217811584473, "passed": true}, "2": {"execution_time": 0.15101170539855957, "passed": true}, "3": {"execution_time": 0.2227795124053955, "passed": true}, "4": {"execution_time": 0.2544577121734619, "passed": true}, "5": {"execution_time": 0.17885446548461914, "passed": true}, "6": {"execution_time": 0.2857840061187744, "passed": true}, "7": {"execution_time": 0.2216801643371582, "passed": true}, "8": {"execution_time": 0.2799222469329834, "passed": true}, "9": {"execution_time": 0.2836794853210449, "passed": true}, "10": {"execution_time": 0.3652811050415039, "passed": true}, "11": {"execution_time": 0.1610562801361084, "passed": true}, "12": {"execution_time": 0.25222063064575195, "passed": true}, "13": {"execution_time": 0.20621275901794434, "passed": true}, "14": {"execution_time": 0.2387847900390625, "passed": true}, "15": {"execution_time": 0.17013001441955566, "passed": true}, "16": {"execution_time": 0.33864521980285645, "passed": true}, "17": {"execution_time": 0.2875854969024658, "passed": true}, "18": {"execution_time": 0.28054237365722656, "passed": true}, "19": {"execution_time": 0.3386359214782715, "passed": true}, "20": {"execution_time": 0.2521393299102783, "passed": true}, "21": {"execution_time": 0.16328644752502441, "passed": true}, "22": {"execution_time": 0.22906041145324707, "passed": true}, "23": {"execution_time": 0.225600004196167, "passed": true}}}, "check_style_score": "1/1"}