{"version": "1", "message": "ERROR: Hidden Testcases server unreachable.", "problem_id": "ads2_m2_a1_1", "user_id": "SaiKiranReddyPitta", "score": {"sample": {"0": {"execution_time": 0.19540667533874512, "passed": true}, "1": {"execution_time": 0.24129915237426758, "passed": true}, "2": {"execution_time": 0.28150320053100586, "passed": true}, "3": {"execution_time": 0.24511122703552246, "passed": true}, "4": {"execution_time": 0.34186506271362305, "passed": true}, "5": {"execution_time": 0.27004313468933105, "passed": true}, "6": {"execution_time": 0.18222784996032715, "passed": true}, "7": {"execution_time": 0.26975202560424805, "passed": true}, "8": {"execution_time": 0.30701518058776855, "passed": true}, "9": {"execution_time": 0.23929476737976074, "passed": true}, "10": {"execution_time": 0.30823707580566406, "passed": true}, "11": {"execution_time": 0.3088700771331787, "passed": true}, "12": {"execution_time": 0.2815887928009033, "passed": true}, "13": {"execution_time": 0.24835610389709473, "passed": true}, "14": {"execution_time": 0.21941804885864258, "passed": true}, "15": {"execution_time": 0.30237746238708496, "passed": true}, "16": {"execution_time": 0.3524174690246582, "passed": true}, "17": {"execution_time": 0.33914828300476074, "passed": true}, "18": {"execution_time": 0.407656192779541, "passed": true}, "19": {"execution_time": 0.25371432304382324, "passed": true}, "20": {"execution_time": 0.22784018516540527, "passed": true}, "21": {"execution_time": 0.25991010665893555, "passed": true}, "22": {"execution_time": 0.42798519134521484, "passed": true}, "23": {"execution_time": 0.36815905570983887, "passed": true}}}, "check_style_score": "0/1"}