{"version": "1", "message": "ERROR: Hidden Testcases server unreachable.", "problem_id": "ads2_m4_a1_1", "user_id": "SaiKiranReddyPitta", "score": {"sample": {"0": {"execution_time": 0.15999054908752441, "passed": false}, "1": {"execution_time": 0.2921717166900635, "passed": false}, "2": {"execution_time": 0.27860212326049805, "passed": false}, "3": {"execution_time": 0.2676694393157959, "passed": false}, "4": {"execution_time": 0.2676680088043213, "passed": false}, "5": {"execution_time": 0.15872740745544434, "passed": false}, "6": {"execution_time": 0.14990711212158203, "passed": false}, "7": {"execution_time": 0.2640037536621094, "passed": false}, "8": {"execution_time": 0.2209317684173584, "passed": false}, "9": {"execution_time": 0.17608928680419922, "passed": false}, "10": {"execution_time": 0.16942787170410156, "passed": false}, "11": {"execution_time": 0.25098681449890137, "passed": false}, "12": {"execution_time": 0.1921706199645996, "passed": false}, "13": {"execution_time": 0.17275524139404297, "passed": false}, "14": {"execution_time": 0.21408915519714355, "passed": false}}}, "check_style_score": "0/1"}