{"version": "1", "message": "ERROR: Hidden Testcases server unreachable.", "problem_id": "ads2_m4_a1_1", "user_id": "SaiKiranReddyPitta", "score": {"sample": {"0": {"execution_time": 0.21746325492858887, "passed": true}, "1": {"execution_time": 0.32689857482910156, "passed": true}, "2": {"execution_time": 0.42088913917541504, "passed": true}, "3": {"execution_time": 0.3275933265686035, "passed": true}, "4": {"execution_time": 0.2586019039154053, "passed": true}, "5": {"execution_time": 0.30287885665893555, "passed": true}, "6": {"execution_time": 0.32822370529174805, "passed": true}, "7": {"execution_time": 0.25014162063598633, "passed": true}, "8": {"execution_time": 0.32430171966552734, "passed": true}, "9": {"execution_time": 0.2100532054901123, "passed": true}, "10": {"execution_time": 0.29157519340515137, "passed": true}, "11": {"execution_time": 0.3054533004760742, "passed": true}, "12": {"execution_time": 0.29502415657043457, "passed": true}, "13": {"execution_time": 0.9741291999816895, "passed": true}, "14": {"execution_time": 0.3074071407318115, "passed": true}}}, "check_style_score": "1/1"}