{"version": "1", "message": "ERROR: Hidden Testcases server unreachable.", "problem_id": "ads2_m4_a1_1", "user_id": "SaiKiranReddyPitta", "score": {"sample": {"0": {"execution_time": 0.2556021213531494, "passed": true}, "1": {"execution_time": 0.26041126251220703, "passed": true}, "2": {"execution_time": 0.35531187057495117, "passed": true}, "3": {"execution_time": 0.24602913856506348, "passed": true}, "4": {"execution_time": 0.21155667304992676, "passed": true}, "5": {"execution_time": 0.28232622146606445, "passed": true}, "6": {"execution_time": 0.23158526420593262, "passed": true}, "7": {"execution_time": 0.2735469341278076, "passed": true}, "8": {"execution_time": 0.24562311172485352, "passed": true}, "9": {"execution_time": 0.2846653461456299, "passed": true}, "10": {"execution_time": 0.28229832649230957, "passed": true}, "11": {"execution_time": 0.18871521949768066, "passed": true}, "12": {"execution_time": 0.22188472747802734, "passed": true}, "13": {"execution_time": 0.9626955986022949, "passed": true}, "14": {"execution_time": 0.1893007755279541, "passed": true}}}, "check_style_score": "0/1"}