{"version": "1", "message": "ERROR: Hidden Testcases server unreachable.", "problem_id": "ads2_m4_a1_1", "user_id": "ktej95", "score": {"sample": {"0": {"execution_time": 0.21364259719848633, "passed": true}, "1": {"execution_time": 0.23783278465270996, "passed": true}, "2": {"execution_time": 0.25167036056518555, "passed": true}, "3": {"execution_time": 0.2549145221710205, "passed": true}, "4": {"execution_time": 0.1905806064605713, "passed": true}, "5": {"execution_time": 0.20518207550048828, "passed": true}, "6": {"execution_time": 0.2157900333404541, "passed": true}, "7": {"execution_time": 0.20874452590942383, "passed": true}, "8": {"execution_time": 0.193373441696167, "passed": true}, "9": {"execution_time": 0.22128748893737793, "passed": true}, "10": {"execution_time": 0.18521428108215332, "passed": true}, "11": {"execution_time": 0.20047307014465332, "passed": true}, "12": {"execution_time": 0.20734834671020508, "passed": true}, "13": {"execution_time": 0.8331964015960693, "passed": true}, "14": {"execution_time": 0.19571805000305176, "passed": true}}}, "check_style_score": "1/1"}