{"version": "1", "message": "ERROR: Hidden Testcases server unreachable.", "problem_id": "ads2_m4_a1_1", "user_id": "SaiKiranReddyPitta", "score": {"sample": {"0": {"execution_time": 0.2748551368713379, "passed": true}, "1": {"execution_time": 0.25905752182006836, "passed": true}, "2": {"execution_time": 0.2733023166656494, "passed": true}, "3": {"execution_time": 0.33349013328552246, "passed": true}, "4": {"execution_time": 0.33199477195739746, "passed": true}, "5": {"execution_time": 0.36255764961242676, "passed": true}, "6": {"execution_time": 0.2425861358642578, "passed": true}, "7": {"execution_time": 0.30139732360839844, "passed": true}, "8": {"execution_time": 0.3173329830169678, "passed": true}, "9": {"execution_time": 0.24065494537353516, "passed": true}, "10": {"execution_time": 0.30916666984558105, "passed": true}, "11": {"execution_time": 0.3614037036895752, "passed": true}, "12": {"execution_time": 0.1837165355682373, "passed": true}, "13": {"execution_time": 1.1917076110839844, "passed": true}, "14": {"execution_time": 0.2193889617919922, "passed": true}}}, "check_style_score": "1/1"}