{"version": "1", "message": "ERROR: Hidden Testcases server unreachable.", "problem_id": "ads2_m4_a1_1", "user_id": "Ravikrishna234", "score": {"sample": {"0": {"execution_time": 0.22775793075561523, "passed": true}, "1": {"execution_time": 0.2663300037384033, "passed": true}, "2": {"execution_time": 0.25130534172058105, "passed": true}, "3": {"execution_time": 0.22143769264221191, "passed": true}, "4": {"execution_time": 0.17176198959350586, "passed": true}, "5": {"execution_time": 0.17409205436706543, "passed": true}, "6": {"execution_time": 0.17907238006591797, "passed": true}, "7": {"execution_time": 0.22697973251342773, "passed": true}, "8": {"execution_time": 0.20098137855529785, "passed": true}, "9": {"execution_time": 0.155350923538208, "passed": true}, "10": {"execution_time": 3.000009059906006, "passed": true}, "11": {"execution_time": 0.15691161155700684, "passed": true}, "12": {"execution_time": 0.15425753593444824, "passed": true}, "13": {"execution_time": 0.8171937465667725, "passed": true}, "14": {"execution_time": 0.17707490921020508, "passed": true}}}, "check_style_score": "1/1"}