{"version": "1", "message": "ERROR: Hidden Testcases server unreachable.", "problem_id": "ads2_m4_a1_1", "user_id": "khyathimsit", "score": {"sample": {"0": {"execution_time": 0.4313063621520996, "passed": true}, "1": {"execution_time": 0.4953172206878662, "passed": true}, "2": {"execution_time": 0.37903475761413574, "passed": true}, "3": {"execution_time": 0.4791605472564697, "passed": true}, "4": {"execution_time": 0.31084227561950684, "passed": true}, "5": {"execution_time": 0.46952271461486816, "passed": true}, "6": {"execution_time": 0.493959903717041, "passed": true}, "7": {"execution_time": 0.3789207935333252, "passed": true}, "8": {"execution_time": 0.4841475486755371, "passed": true}, "9": {"execution_time": 0.3305068016052246, "passed": true}, "10": {"execution_time": 0.3916783332824707, "passed": true}, "11": {"execution_time": 0.32694244384765625, "passed": true}, "12": {"execution_time": 0.319378137588501, "passed": true}, "13": {"execution_time": 1.0193853378295898, "passed": true}, "14": {"execution_time": 0.4487006664276123, "passed": true}}}, "check_style_score": "1/1"}