{"version": "1", "message": "ERROR: Hidden Testcases server unreachable.", "problem_id": "ads2_m4_a1_1", "user_id": "SaiKiranReddyPitta", "score": {"sample": {"0": {"execution_time": 0.2460470199584961, "passed": true}, "1": {"execution_time": 0.2543807029724121, "passed": true}, "2": {"execution_time": 0.28330063819885254, "passed": true}, "3": {"execution_time": 0.2662317752838135, "passed": true}, "4": {"execution_time": 0.21270966529846191, "passed": true}, "5": {"execution_time": 0.3333008289337158, "passed": true}, "6": {"execution_time": 0.42077207565307617, "passed": true}, "7": {"execution_time": 0.23720884323120117, "passed": true}, "8": {"execution_time": 0.27515649795532227, "passed": true}, "9": {"execution_time": 0.19698405265808105, "passed": true}, "10": {"execution_time": 0.19212770462036133, "passed": true}, "11": {"execution_time": 0.19695639610290527, "passed": true}, "12": {"execution_time": 0.1938769817352295, "passed": true}, "13": {"execution_time": 0.9492812156677246, "passed": true}, "14": {"execution_time": 0.2454056739807129, "passed": true}}}, "check_style_score": "0/1"}