{"version": "1", "message": "ERROR: Hidden Testcases server unreachable.", "problem_id": "ads2_m4_a1_1", "user_id": "SaiKiranReddyPitta", "score": {"sample": {"0": {"execution_time": 0.16236448287963867, "passed": false}, "1": {"execution_time": 0.3463912010192871, "passed": false}, "2": {"execution_time": 0.18336963653564453, "passed": false}, "3": {"execution_time": 0.20369529724121094, "passed": false}, "4": {"execution_time": 0.15241575241088867, "passed": false}, "5": {"execution_time": 0.21875572204589844, "passed": false}, "6": {"execution_time": 0.2656533718109131, "passed": false}, "7": {"execution_time": 0.28009772300720215, "passed": false}, "8": {"execution_time": 0.19516968727111816, "passed": false}, "9": {"execution_time": 0.2062079906463623, "passed": false}, "10": {"execution_time": 0.17354345321655273, "passed": false}, "11": {"execution_time": 0.18302512168884277, "passed": false}, "12": {"execution_time": 0.29207491874694824, "passed": false}, "13": {"execution_time": 0.1752793788909912, "passed": false}, "14": {"execution_time": 0.15453600883483887, "passed": false}}}, "check_style_score": "1/1"}