{"version": "1", "message": "ERROR: Hidden Testcases server unreachable.", "problem_id": "ads2_m4_a1_1", "user_id": "SaiKiranReddyPitta", "score": {"sample": {"0": {"execution_time": 0.23604989051818848, "passed": true}, "1": {"execution_time": 0.24365854263305664, "passed": true}, "2": {"execution_time": 0.35475659370422363, "passed": true}, "3": {"execution_time": 0.40433335304260254, "passed": true}, "4": {"execution_time": 0.28026652336120605, "passed": true}, "5": {"execution_time": 0.25202083587646484, "passed": true}, "6": {"execution_time": 0.21781539916992188, "passed": true}, "7": {"execution_time": 0.2794373035430908, "passed": true}, "8": {"execution_time": 0.2978169918060303, "passed": true}, "9": {"execution_time": 0.1863846778869629, "passed": true}, "10": {"execution_time": 0.19183015823364258, "passed": true}, "11": {"execution_time": 0.28996896743774414, "passed": true}, "12": {"execution_time": 0.18445611000061035, "passed": true}, "13": {"execution_time": 0.9373190402984619, "passed": true}, "14": {"execution_time": 0.2674286365509033, "passed": true}}}, "check_style_score": "0/1"}