{"version": "1", "message": "ERROR: Hidden Testcases server unreachable.", "problem_id": "ads2_m4_a1_1", "user_id": "SaiKiranReddyPitta", "score": {"sample": {"0": {"execution_time": 0.2503781318664551, "passed": true}, "1": {"execution_time": 0.23790216445922852, "passed": true}, "2": {"execution_time": 0.28286123275756836, "passed": true}, "3": {"execution_time": 0.27806663513183594, "passed": true}, "4": {"execution_time": 0.3039121627807617, "passed": true}, "5": {"execution_time": 0.22202348709106445, "passed": true}, "6": {"execution_time": 0.22824764251708984, "passed": true}, "7": {"execution_time": 0.229506254196167, "passed": true}, "8": {"execution_time": 0.3122239112854004, "passed": true}, "9": {"execution_time": 0.30240464210510254, "passed": true}, "10": {"execution_time": 0.22674059867858887, "passed": true}, "11": {"execution_time": 0.2205822467803955, "passed": true}, "12": {"execution_time": 0.20989370346069336, "passed": true}, "13": {"execution_time": 0.9642810821533203, "passed": true}, "14": {"execution_time": 0.20795178413391113, "passed": true}}}, "check_style_score": "0/1"}