{"version": "1", "message": "ERROR: Hidden Testcases server unreachable.", "problem_id": "ads2_m4_a1_1", "user_id": "SaiKiranReddyPitta", "score": {"sample": {"0": {"execution_time": 0.24969172477722168, "passed": true}, "1": {"execution_time": 0.2646186351776123, "passed": true}, "2": {"execution_time": 0.27446985244750977, "passed": true}, "3": {"execution_time": 0.25414443016052246, "passed": true}, "4": {"execution_time": 0.241593599319458, "passed": true}, "5": {"execution_time": 0.20603394508361816, "passed": true}, "6": {"execution_time": 0.21387934684753418, "passed": true}, "7": {"execution_time": 0.2959096431732178, "passed": true}, "8": {"execution_time": 0.3109004497528076, "passed": true}, "9": {"execution_time": 0.2468106746673584, "passed": true}, "10": {"execution_time": 0.2997446060180664, "passed": true}, "11": {"execution_time": 0.19348502159118652, "passed": true}, "12": {"execution_time": 0.19073843955993652, "passed": true}, "13": {"execution_time": 0.9034667015075684, "passed": true}, "14": {"execution_time": 0.2642817497253418, "passed": true}}}, "check_style_score": "0/1"}