{"version": "1", "message": "ERROR: Hidden Testcases server unreachable.", "problem_id": "ads2_m4_a1_1", "user_id": "SaiKiranReddyPitta", "score": {"sample": {"0": {"execution_time": 0.23043537139892578, "passed": true}, "1": {"execution_time": 0.30066394805908203, "passed": true}, "2": {"execution_time": 0.2525043487548828, "passed": true}, "3": {"execution_time": 0.33545374870300293, "passed": true}, "4": {"execution_time": 0.2608456611633301, "passed": true}, "5": {"execution_time": 0.3012115955352783, "passed": true}, "6": {"execution_time": 0.2895042896270752, "passed": true}, "7": {"execution_time": 0.2082197666168213, "passed": true}, "8": {"execution_time": 0.22863125801086426, "passed": true}, "9": {"execution_time": 0.1884007453918457, "passed": true}, "10": {"execution_time": 0.21527695655822754, "passed": true}, "11": {"execution_time": 0.20098543167114258, "passed": true}, "12": {"execution_time": 0.2081902027130127, "passed": true}, "13": {"execution_time": 0.9688749313354492, "passed": true}, "14": {"execution_time": 0.3100423812866211, "passed": true}}}, "check_style_score": "0/1"}