{"version": "1", "message": "ERROR: Hidden Testcases server unreachable.", "problem_id": "ads2_m4_a1_1", "user_id": "SaiKiranReddyPitta", "score": {"sample": {"0": {"execution_time": 0.27405810356140137, "passed": true}, "1": {"execution_time": 0.2563004493713379, "passed": true}, "2": {"execution_time": 0.26407504081726074, "passed": true}, "3": {"execution_time": 0.3801612854003906, "passed": true}, "4": {"execution_time": 0.2601587772369385, "passed": true}, "5": {"execution_time": 0.41999387741088867, "passed": true}, "6": {"execution_time": 0.2843325138092041, "passed": true}, "7": {"execution_time": 0.25210142135620117, "passed": true}, "8": {"execution_time": 0.32215046882629395, "passed": true}, "9": {"execution_time": 0.20283079147338867, "passed": true}, "10": {"execution_time": 0.20488929748535156, "passed": true}, "11": {"execution_time": 0.3023977279663086, "passed": true}, "12": {"execution_time": 0.2940797805786133, "passed": true}, "13": {"execution_time": 0.9929986000061035, "passed": true}, "14": {"execution_time": 0.30810976028442383, "passed": true}}}, "check_style_score": "0/1"}