{"version": "1", "message": "ERROR: Hidden Testcases server unreachable.", "problem_id": "ads2_m16_a1_1", "user_id": "SaiKiranReddyPitta", "score": {"sample": {"0": {"execution_time": 0.3151576519012451, "passed": true}, "1": {"execution_time": 0.26929306983947754, "passed": true}, "2": {"execution_time": 0.5595026016235352, "passed": true}, "3": {"execution_time": 0.529350996017456, "passed": true}, "4": {"execution_time": 0.48557424545288086, "passed": true}, "5": {"execution_time": 0.48110485076904297, "passed": true}, "6": {"execution_time": 0.5190107822418213, "passed": true}, "7": {"execution_time": 0.4746096134185791, "passed": true}, "8": {"execution_time": 0.28284192085266113, "passed": true}, "9": {"execution_time": 0.49668097496032715, "passed": true}, "10": {"execution_time": 0.5027668476104736, "passed": true}, "11": {"execution_time": 2.0563507080078125, "passed": true}, "12": {"execution_time": 0.4710068702697754, "passed": true}, "13": {"execution_time": 0.22191643714904785, "passed": true}, "14": {"execution_time": 0.47120070457458496, "passed": true}, "15": {"execution_time": 0.47498559951782227, "passed": true}, "16": {"execution_time": 0.2696382999420166, "passed": true}, "17": {"execution_time": 0.28392744064331055, "passed": true}, "18": {"execution_time": 0.28313779830932617, "passed": true}, "19": {"execution_time": 0.26826024055480957, "passed": true}, "20": {"execution_time": 0.33077073097229004, "passed": true}, "21": {"execution_time": 0.31957554817199707, "passed": true}, "22": {"execution_time": 0.25284552574157715, "passed": true}, "23": {"execution_time": 0.2681760787963867, "passed": true}, "24": {"execution_time": 0.22207427024841309, "passed": true}, "25": {"execution_time": 0.5493390560150146, "passed": true}, "26": {"execution_time": 0.5032615661621094, "passed": true}, "27": {"execution_time": 0.5507011413574219, "passed": true}, "28": {"execution_time": 0.7209408283233643, "passed": true}, "29": {"execution_time": 0.15901947021484375, "passed": true}}}, "check_style_score": "0/1"}