{"version": "1", "message": "ERROR: Hidden Testcases server unreachable.", "problem_id": "ads2_m16_a1_1", "user_id": "SaiKiranReddyPitta", "score": {"sample": {"0": {"execution_time": 0.24460506439208984, "passed": true}, "1": {"execution_time": 0.2752797603607178, "passed": true}, "2": {"execution_time": 0.49982237815856934, "passed": true}, "3": {"execution_time": 0.47263383865356445, "passed": true}, "4": {"execution_time": 0.5549888610839844, "passed": true}, "5": {"execution_time": 0.4856889247894287, "passed": true}, "6": {"execution_time": 0.5188884735107422, "passed": true}, "7": {"execution_time": 0.5333702564239502, "passed": true}, "8": {"execution_time": 0.279141902923584, "passed": true}, "9": {"execution_time": 0.47706127166748047, "passed": true}, "10": {"execution_time": 0.4815845489501953, "passed": true}, "11": {"execution_time": 2.2204771041870117, "passed": true}, "12": {"execution_time": 0.49472880363464355, "passed": true}, "13": {"execution_time": 0.22507953643798828, "passed": true}, "14": {"execution_time": 0.5678763389587402, "passed": true}, "15": {"execution_time": 0.49832677841186523, "passed": true}, "16": {"execution_time": 0.27780914306640625, "passed": true}, "17": {"execution_time": 0.2918105125427246, "passed": true}, "18": {"execution_time": 0.27001190185546875, "passed": true}, "19": {"execution_time": 0.2764620780944824, "passed": true}, "20": {"execution_time": 0.37952613830566406, "passed": true}, "21": {"execution_time": 0.26197385787963867, "passed": true}, "22": {"execution_time": 0.29030656814575195, "passed": true}, "23": {"execution_time": 0.318645715713501, "passed": true}, "24": {"execution_time": 0.24070024490356445, "passed": true}, "25": {"execution_time": 0.631394624710083, "passed": true}, "26": {"execution_time": 0.5053422451019287, "passed": true}, "27": {"execution_time": 0.5446462631225586, "passed": true}, "28": {"execution_time": 0.8609113693237305, "passed": true}, "29": {"execution_time": 0.17490482330322266, "passed": true}}}, "check_style_score": "0/1"}