{"version": "1", "message": "ERROR: Hidden Testcases server unreachable.", "problem_id": "ads2_m16_a1_1", "user_id": "SaiKiranReddyPitta", "score": {"sample": {"0": {"execution_time": 0.40887022018432617, "passed": false}, "1": {"execution_time": 0.2677154541015625, "passed": false}, "2": {"execution_time": 0.5308821201324463, "passed": true}, "3": {"execution_time": 0.4797182083129883, "passed": true}, "4": {"execution_time": 0.535494327545166, "passed": true}, "5": {"execution_time": 0.647322416305542, "passed": false}, "6": {"execution_time": 0.5952494144439697, "passed": false}, "7": {"execution_time": 0.4778919219970703, "passed": true}, "8": {"execution_time": 0.3291811943054199, "passed": false}, "9": {"execution_time": 0.5937850475311279, "passed": false}, "10": {"execution_time": 0.586632490158081, "passed": false}, "11": {"execution_time": 2.20566725730896, "passed": true}, "12": {"execution_time": 0.605802059173584, "passed": false}, "13": {"execution_time": 0.3597133159637451, "passed": true}, "14": {"execution_time": 0.6241035461425781, "passed": false}, "15": {"execution_time": 0.5020558834075928, "passed": false}, "16": {"execution_time": 0.4259629249572754, "passed": true}, "17": {"execution_time": 0.41196179389953613, "passed": true}, "18": {"execution_time": 0.467531681060791, "passed": true}, "19": {"execution_time": 0.39040398597717285, "passed": true}, "20": {"execution_time": 0.44382262229919434, "passed": false}, "21": {"execution_time": 0.37480950355529785, "passed": true}, "22": {"execution_time": 0.32372164726257324, "passed": true}, "23": {"execution_time": 0.3058180809020996, "passed": false}, "24": {"execution_time": 0.3518073558807373, "passed": true}, "25": {"execution_time": 0.5256783962249756, "passed": false}, "26": {"execution_time": 0.5598986148834229, "passed": false}, "27": {"execution_time": 0.6760938167572021, "passed": false}, "28": {"execution_time": 0.8032374382019043, "passed": false}, "29": {"execution_time": 0.2824389934539795, "passed": false}}}, "check_style_score": "0/1"}