{"version": "1", "message": "ERROR: Hidden Testcases server unreachable.", "problem_id": "ads2_m16_a1_1", "user_id": "SaiKiranReddyPitta", "score": {"sample": {"0": {"execution_time": 0.30876708030700684, "passed": false}, "1": {"execution_time": 0.30516576766967773, "passed": false}, "2": {"execution_time": 0.604764461517334, "passed": true}, "3": {"execution_time": 0.5638067722320557, "passed": true}, "4": {"execution_time": 0.6239943504333496, "passed": true}, "5": {"execution_time": 0.6593058109283447, "passed": false}, "6": {"execution_time": 0.5896782875061035, "passed": false}, "7": {"execution_time": 0.6235828399658203, "passed": true}, "8": {"execution_time": 0.40394043922424316, "passed": false}, "9": {"execution_time": 0.5574660301208496, "passed": false}, "10": {"execution_time": 0.5457205772399902, "passed": false}, "11": {"execution_time": 2.273345708847046, "passed": true}, "12": {"execution_time": 0.6232583522796631, "passed": false}, "13": {"execution_time": 0.44087672233581543, "passed": true}, "14": {"execution_time": 0.5441710948944092, "passed": false}, "15": {"execution_time": 0.625554084777832, "passed": false}, "16": {"execution_time": 0.40227651596069336, "passed": true}, "17": {"execution_time": 0.2948727607727051, "passed": true}, "18": {"execution_time": 0.3423330783843994, "passed": true}, "19": {"execution_time": 0.40795373916625977, "passed": true}, "20": {"execution_time": 0.42194080352783203, "passed": false}, "21": {"execution_time": 0.4726865291595459, "passed": true}, "22": {"execution_time": 0.3809490203857422, "passed": true}, "23": {"execution_time": 0.27632856369018555, "passed": false}, "24": {"execution_time": 0.2503974437713623, "passed": true}, "25": {"execution_time": 0.5064899921417236, "passed": false}, "26": {"execution_time": 0.4575517177581787, "passed": false}, "27": {"execution_time": 0.552234411239624, "passed": false}, "28": {"execution_time": 0.7517695426940918, "passed": false}, "29": {"execution_time": 0.22457671165466309, "passed": false}}}, "check_style_score": "0/1"}