{"version": "1", "message": "ERROR: Hidden Testcases server unreachable.", "problem_id": "ads2_m16_a1_1", "user_id": "SaiKiranReddyPitta", "score": {"sample": {"0": {"execution_time": 0.24179434776306152, "passed": true}, "1": {"execution_time": 0.4559366703033447, "passed": true}, "2": {"execution_time": 0.589623212814331, "passed": true}, "3": {"execution_time": 0.6196808815002441, "passed": true}, "4": {"execution_time": 0.5996484756469727, "passed": true}, "5": {"execution_time": 0.7249596118927002, "passed": true}, "6": {"execution_time": 0.5394794940948486, "passed": true}, "7": {"execution_time": 0.5363333225250244, "passed": true}, "8": {"execution_time": 0.44620537757873535, "passed": true}, "9": {"execution_time": 0.6412298679351807, "passed": true}, "10": {"execution_time": 0.5191140174865723, "passed": true}, "11": {"execution_time": 2.3980512619018555, "passed": true}, "12": {"execution_time": 0.599353551864624, "passed": true}, "13": {"execution_time": 0.3544473648071289, "passed": true}, "14": {"execution_time": 0.6729471683502197, "passed": true}, "15": {"execution_time": 0.5681588649749756, "passed": true}, "16": {"execution_time": 0.35456013679504395, "passed": true}, "17": {"execution_time": 0.33388447761535645, "passed": true}, "18": {"execution_time": 0.3089449405670166, "passed": true}, "19": {"execution_time": 0.41575098037719727, "passed": true}, "20": {"execution_time": 0.5669682025909424, "passed": true}, "21": {"execution_time": 0.3799705505371094, "passed": true}, "22": {"execution_time": 0.4039475917816162, "passed": true}, "23": {"execution_time": 0.4147353172302246, "passed": true}, "24": {"execution_time": 0.3162496089935303, "passed": true}, "25": {"execution_time": 0.5595040321350098, "passed": true}, "26": {"execution_time": 0.49655914306640625, "passed": true}, "27": {"execution_time": 0.5063755512237549, "passed": true}, "28": {"execution_time": 0.9268972873687744, "passed": true}, "29": {"execution_time": 0.32238292694091797, "passed": true}}}, "check_style_score": "0/1"}