{"version": "1", "message": "ERROR: Hidden Testcases server unreachable.", "problem_id": "ads2_m16_a1_1", "user_id": "SaiKiranReddyPitta", "score": {"sample": {"0": {"execution_time": 0.3246786594390869, "passed": true}, "1": {"execution_time": 0.3342578411102295, "passed": true}, "2": {"execution_time": 0.5474433898925781, "passed": true}, "3": {"execution_time": 0.6033217906951904, "passed": true}, "4": {"execution_time": 0.4583771228790283, "passed": true}, "5": {"execution_time": 0.5337061882019043, "passed": true}, "6": {"execution_time": 0.5615966320037842, "passed": true}, "7": {"execution_time": 0.5488574504852295, "passed": true}, "8": {"execution_time": 0.26531195640563965, "passed": true}, "9": {"execution_time": 0.5995416641235352, "passed": true}, "10": {"execution_time": 0.5289838314056396, "passed": true}, "11": {"execution_time": 2.326444625854492, "passed": true}, "12": {"execution_time": 0.5707566738128662, "passed": true}, "13": {"execution_time": 0.2335050106048584, "passed": true}, "14": {"execution_time": 0.5562436580657959, "passed": true}, "15": {"execution_time": 0.6155402660369873, "passed": true}, "16": {"execution_time": 0.3072066307067871, "passed": true}, "17": {"execution_time": 0.346698522567749, "passed": true}, "18": {"execution_time": 0.3496279716491699, "passed": true}, "19": {"execution_time": 0.3559684753417969, "passed": true}, "20": {"execution_time": 0.4519932270050049, "passed": true}, "21": {"execution_time": 0.3018982410430908, "passed": true}, "22": {"execution_time": 0.28008437156677246, "passed": true}, "23": {"execution_time": 0.27957940101623535, "passed": true}, "24": {"execution_time": 0.2548801898956299, "passed": true}, "25": {"execution_time": 0.6623051166534424, "passed": true}, "26": {"execution_time": 0.4565267562866211, "passed": true}, "27": {"execution_time": 0.5250658988952637, "passed": true}, "28": {"execution_time": 0.815230131149292, "passed": true}, "29": {"execution_time": 0.259814977645874, "passed": true}}}, "check_style_score": "0/1"}