{"version": "1", "message": "ERROR: Hidden Testcases server unreachable.", "problem_id": "ads2_m16_a1_1", "user_id": "SaiKiranReddyPitta", "score": {"sample": {"0": {"execution_time": 0.3116879463195801, "passed": true}, "1": {"execution_time": 0.2497262954711914, "passed": true}, "2": {"execution_time": 0.49611687660217285, "passed": true}, "3": {"execution_time": 0.49563026428222656, "passed": true}, "4": {"execution_time": 0.526857852935791, "passed": true}, "5": {"execution_time": 0.47397470474243164, "passed": true}, "6": {"execution_time": 0.4962422847747803, "passed": true}, "7": {"execution_time": 0.5846052169799805, "passed": true}, "8": {"execution_time": 0.3240952491760254, "passed": true}, "9": {"execution_time": 0.5152420997619629, "passed": true}, "10": {"execution_time": 0.5031518936157227, "passed": true}, "11": {"execution_time": 2.3816871643066406, "passed": true}, "12": {"execution_time": 0.5435075759887695, "passed": true}, "13": {"execution_time": 0.3027317523956299, "passed": true}, "14": {"execution_time": 0.5538802146911621, "passed": true}, "15": {"execution_time": 0.5554087162017822, "passed": true}, "16": {"execution_time": 0.3018641471862793, "passed": true}, "17": {"execution_time": 0.30831122398376465, "passed": true}, "18": {"execution_time": 0.2975733280181885, "passed": true}, "19": {"execution_time": 0.37079906463623047, "passed": true}, "20": {"execution_time": 0.2963297367095947, "passed": true}, "21": {"execution_time": 0.27625060081481934, "passed": true}, "22": {"execution_time": 0.2545907497406006, "passed": true}, "23": {"execution_time": 0.28199052810668945, "passed": true}, "24": {"execution_time": 0.2520267963409424, "passed": true}, "25": {"execution_time": 0.5046999454498291, "passed": true}, "26": {"execution_time": 0.8924515247344971, "passed": true}, "27": {"execution_time": 0.6324939727783203, "passed": true}, "28": {"execution_time": 0.8392548561096191, "passed": true}, "29": {"execution_time": 0.2059612274169922, "passed": true}}}, "check_style_score": "0/1"}