{"version": "1", "message": "ERROR: Hidden Testcases server unreachable.", "problem_id": "ads2_m16_a1_1", "user_id": "SaiKiranReddyPitta", "score": {"sample": {"0": {"execution_time": 0.2441394329071045, "passed": true}, "1": {"execution_time": 0.24114370346069336, "passed": true}, "2": {"execution_time": 0.4812889099121094, "passed": true}, "3": {"execution_time": 0.4669783115386963, "passed": true}, "4": {"execution_time": 0.48511242866516113, "passed": true}, "5": {"execution_time": 0.5250604152679443, "passed": true}, "6": {"execution_time": 0.4853053092956543, "passed": true}, "7": {"execution_time": 0.46967172622680664, "passed": true}, "8": {"execution_time": 0.2726442813873291, "passed": true}, "9": {"execution_time": 0.4694950580596924, "passed": true}, "10": {"execution_time": 0.4830904006958008, "passed": true}, "11": {"execution_time": 2.233567953109741, "passed": true}, "12": {"execution_time": 0.6204185485839844, "passed": true}, "13": {"execution_time": 0.2561004161834717, "passed": true}, "14": {"execution_time": 0.5127336978912354, "passed": true}, "15": {"execution_time": 0.5524008274078369, "passed": true}, "16": {"execution_time": 0.2833247184753418, "passed": true}, "17": {"execution_time": 0.31780481338500977, "passed": true}, "18": {"execution_time": 0.35804271697998047, "passed": true}, "19": {"execution_time": 0.3043637275695801, "passed": true}, "20": {"execution_time": 0.2926621437072754, "passed": true}, "21": {"execution_time": 0.30089282989501953, "passed": true}, "22": {"execution_time": 0.26472949981689453, "passed": true}, "23": {"execution_time": 0.288682222366333, "passed": true}, "24": {"execution_time": 0.20915722846984863, "passed": true}, "25": {"execution_time": 0.6092648506164551, "passed": true}, "26": {"execution_time": 0.4860208034515381, "passed": true}, "27": {"execution_time": 0.6789939403533936, "passed": true}, "28": {"execution_time": 0.7639837265014648, "passed": true}, "29": {"execution_time": 0.1720890998840332, "passed": true}}}, "check_style_score": "0/1"}