{"version": "1", "message": "ERROR: Hidden Testcases server unreachable.", "problem_id": "ads2_m16_a1_1", "user_id": "SaiKiranReddyPitta", "score": {"sample": {"0": {"execution_time": 0.23998188972473145, "passed": true}, "1": {"execution_time": 0.24061155319213867, "passed": true}, "2": {"execution_time": 0.47531795501708984, "passed": true}, "3": {"execution_time": 0.4956631660461426, "passed": true}, "4": {"execution_time": 0.5356717109680176, "passed": true}, "5": {"execution_time": 0.49856996536254883, "passed": true}, "6": {"execution_time": 0.5110821723937988, "passed": true}, "7": {"execution_time": 0.48163938522338867, "passed": true}, "8": {"execution_time": 0.29613375663757324, "passed": true}, "9": {"execution_time": 0.4781208038330078, "passed": true}, "10": {"execution_time": 0.5592494010925293, "passed": true}, "11": {"execution_time": 2.6175014972686768, "passed": true}, "12": {"execution_time": 0.5231654644012451, "passed": true}, "13": {"execution_time": 0.33928465843200684, "passed": true}, "14": {"execution_time": 0.4952116012573242, "passed": true}, "15": {"execution_time": 0.4843316078186035, "passed": true}, "16": {"execution_time": 0.3067178726196289, "passed": true}, "17": {"execution_time": 0.2932167053222656, "passed": true}, "18": {"execution_time": 0.3086090087890625, "passed": true}, "19": {"execution_time": 0.2893800735473633, "passed": true}, "20": {"execution_time": 0.3206033706665039, "passed": true}, "21": {"execution_time": 0.2978334426879883, "passed": true}, "22": {"execution_time": 0.26530909538269043, "passed": true}, "23": {"execution_time": 0.27162694931030273, "passed": true}, "24": {"execution_time": 0.25261831283569336, "passed": true}, "25": {"execution_time": 0.6451997756958008, "passed": true}, "26": {"execution_time": 0.5067310333251953, "passed": true}, "27": {"execution_time": 0.5591237545013428, "passed": true}, "28": {"execution_time": 0.8076550960540771, "passed": true}, "29": {"execution_time": 0.19244980812072754, "passed": true}}}, "check_style_score": "0/1"}