{"version": "1", "message": "ERROR: Hidden Testcases server unreachable.", "problem_id": "ads2_m16_a1_1", "user_id": "SaiKiranReddyPitta", "score": {"sample": {"0": {"execution_time": 0.25006699562072754, "passed": true}, "1": {"execution_time": 0.2676217555999756, "passed": true}, "2": {"execution_time": 0.49039649963378906, "passed": true}, "3": {"execution_time": 0.5059330463409424, "passed": true}, "4": {"execution_time": 0.5140573978424072, "passed": true}, "5": {"execution_time": 0.544102668762207, "passed": true}, "6": {"execution_time": 0.49591660499572754, "passed": true}, "7": {"execution_time": 0.5346479415893555, "passed": true}, "8": {"execution_time": 0.30148768424987793, "passed": true}, "9": {"execution_time": 0.5073027610778809, "passed": true}, "10": {"execution_time": 0.49837589263916016, "passed": true}, "11": {"execution_time": 2.1846165657043457, "passed": true}, "12": {"execution_time": 0.4744431972503662, "passed": true}, "13": {"execution_time": 0.22165870666503906, "passed": true}, "14": {"execution_time": 0.49723124504089355, "passed": true}, "15": {"execution_time": 0.5139880180358887, "passed": true}, "16": {"execution_time": 0.28621530532836914, "passed": true}, "17": {"execution_time": 0.2567601203918457, "passed": true}, "18": {"execution_time": 0.27602505683898926, "passed": true}, "19": {"execution_time": 0.29935169219970703, "passed": true}, "20": {"execution_time": 0.31543970108032227, "passed": true}, "21": {"execution_time": 0.2694699764251709, "passed": true}, "22": {"execution_time": 0.2857096195220947, "passed": true}, "23": {"execution_time": 0.31077122688293457, "passed": true}, "24": {"execution_time": 0.2128925323486328, "passed": true}, "25": {"execution_time": 0.5262436866760254, "passed": true}, "26": {"execution_time": 0.48795533180236816, "passed": true}, "27": {"execution_time": 0.5463078022003174, "passed": true}, "28": {"execution_time": 0.7705802917480469, "passed": true}, "29": {"execution_time": 0.1883528232574463, "passed": true}}}, "check_style_score": "0/1"}