{"version": "1", "message": "ERROR: Hidden Testcases server unreachable.", "problem_id": "ads2_m16_a1_1", "user_id": "SaiKiranReddyPitta", "score": {"sample": {"0": {"execution_time": 0.3591148853302002, "passed": true}, "1": {"execution_time": 0.3685266971588135, "passed": true}, "2": {"execution_time": 0.4818735122680664, "passed": true}, "3": {"execution_time": 0.4904608726501465, "passed": true}, "4": {"execution_time": 0.5638058185577393, "passed": true}, "5": {"execution_time": 0.579688310623169, "passed": true}, "6": {"execution_time": 0.5876970291137695, "passed": true}, "7": {"execution_time": 0.6195814609527588, "passed": true}, "8": {"execution_time": 0.2691612243652344, "passed": true}, "9": {"execution_time": 0.5594797134399414, "passed": true}, "10": {"execution_time": 0.5699305534362793, "passed": true}, "11": {"execution_time": 2.129976987838745, "passed": true}, "12": {"execution_time": 0.6384284496307373, "passed": true}, "13": {"execution_time": 0.21788907051086426, "passed": true}, "14": {"execution_time": 0.4761817455291748, "passed": true}, "15": {"execution_time": 0.4636831283569336, "passed": true}, "16": {"execution_time": 0.27051353454589844, "passed": true}, "17": {"execution_time": 0.3558950424194336, "passed": true}, "18": {"execution_time": 0.39849090576171875, "passed": true}, "19": {"execution_time": 0.42419862747192383, "passed": true}, "20": {"execution_time": 0.2923862934112549, "passed": true}, "21": {"execution_time": 0.3039376735687256, "passed": true}, "22": {"execution_time": 0.4176609516143799, "passed": true}, "23": {"execution_time": 0.4025614261627197, "passed": true}, "24": {"execution_time": 0.23522710800170898, "passed": true}, "25": {"execution_time": 0.5209286212921143, "passed": true}, "26": {"execution_time": 0.5169780254364014, "passed": true}, "27": {"execution_time": 0.6112844944000244, "passed": true}, "28": {"execution_time": 0.7446906566619873, "passed": true}, "29": {"execution_time": 0.2860422134399414, "passed": false}}}, "check_style_score": "0/1"}