{"version": "1", "message": "ERROR: Hidden Testcases server unreachable.", "problem_id": "ads2_m16_a1_1", "user_id": "SaiKiranReddyPitta", "score": {"sample": {"0": {"execution_time": 0.23175573348999023, "passed": true}, "1": {"execution_time": 0.245774507522583, "passed": true}, "2": {"execution_time": 0.474200963973999, "passed": true}, "3": {"execution_time": 0.4870491027832031, "passed": true}, "4": {"execution_time": 0.522700309753418, "passed": true}, "5": {"execution_time": 0.5416696071624756, "passed": true}, "6": {"execution_time": 0.5214924812316895, "passed": true}, "7": {"execution_time": 0.5221536159515381, "passed": true}, "8": {"execution_time": 0.28058385848999023, "passed": true}, "9": {"execution_time": 0.4891197681427002, "passed": true}, "10": {"execution_time": 0.4969818592071533, "passed": true}, "11": {"execution_time": 2.181832790374756, "passed": true}, "12": {"execution_time": 0.47634077072143555, "passed": true}, "13": {"execution_time": 0.22096943855285645, "passed": true}, "14": {"execution_time": 0.47615957260131836, "passed": true}, "15": {"execution_time": 0.473386287689209, "passed": true}, "16": {"execution_time": 0.267592191696167, "passed": true}, "17": {"execution_time": 0.26012754440307617, "passed": true}, "18": {"execution_time": 0.27330613136291504, "passed": true}, "19": {"execution_time": 0.3291640281677246, "passed": true}, "20": {"execution_time": 0.29825758934020996, "passed": true}, "21": {"execution_time": 0.2635624408721924, "passed": true}, "22": {"execution_time": 0.26867008209228516, "passed": true}, "23": {"execution_time": 0.29355812072753906, "passed": true}, "24": {"execution_time": 0.22049355506896973, "passed": true}, "25": {"execution_time": 0.5011370182037354, "passed": true}, "26": {"execution_time": 0.44868016242980957, "passed": true}, "27": {"execution_time": 0.49761152267456055, "passed": true}, "28": {"execution_time": 0.7643246650695801, "passed": true}, "29": {"execution_time": 0.15593862533569336, "passed": true}}}, "check_style_score": "0/1"}