{"version": "1", "message": "ERROR: Hidden Testcases server unreachable.", "problem_id": "ads2_m16_a1_1", "user_id": "SaiKiranReddyPitta", "score": {"sample": {"0": {"execution_time": 0.26010608673095703, "passed": true}, "1": {"execution_time": 0.24256539344787598, "passed": true}, "2": {"execution_time": 0.5085699558258057, "passed": true}, "3": {"execution_time": 0.4841444492340088, "passed": true}, "4": {"execution_time": 0.5357184410095215, "passed": true}, "5": {"execution_time": 0.5306961536407471, "passed": true}, "6": {"execution_time": 0.5132584571838379, "passed": true}, "7": {"execution_time": 0.4930591583251953, "passed": true}, "8": {"execution_time": 0.27949953079223633, "passed": true}, "9": {"execution_time": 0.49028921127319336, "passed": true}, "10": {"execution_time": 0.5392215251922607, "passed": true}, "11": {"execution_time": 2.3679044246673584, "passed": true}, "12": {"execution_time": 0.49947381019592285, "passed": true}, "13": {"execution_time": 0.2337799072265625, "passed": true}, "14": {"execution_time": 0.5103240013122559, "passed": true}, "15": {"execution_time": 0.492234468460083, "passed": true}, "16": {"execution_time": 0.28180503845214844, "passed": true}, "17": {"execution_time": 0.2847142219543457, "passed": true}, "18": {"execution_time": 0.27475976943969727, "passed": true}, "19": {"execution_time": 0.2752351760864258, "passed": true}, "20": {"execution_time": 0.29503393173217773, "passed": true}, "21": {"execution_time": 0.25241875648498535, "passed": true}, "22": {"execution_time": 0.2753880023956299, "passed": true}, "23": {"execution_time": 0.26215672492980957, "passed": true}, "24": {"execution_time": 0.21562457084655762, "passed": true}, "25": {"execution_time": 0.49472689628601074, "passed": true}, "26": {"execution_time": 0.4533402919769287, "passed": true}, "27": {"execution_time": 0.5454926490783691, "passed": true}, "28": {"execution_time": 0.795440673828125, "passed": true}, "29": {"execution_time": 0.18534374237060547, "passed": true}}}, "check_style_score": "0/1"}