{"version": "1", "message": "ERROR: Hidden Testcases server unreachable.", "problem_id": "ads2_m16_a1_1", "user_id": "SaiKiranReddyPitta", "score": {"sample": {"0": {"execution_time": 0.4543628692626953, "passed": true}, "1": {"execution_time": 0.24599146842956543, "passed": true}, "2": {"execution_time": 0.5177347660064697, "passed": true}, "3": {"execution_time": 0.5345420837402344, "passed": true}, "4": {"execution_time": 0.5666024684906006, "passed": true}, "5": {"execution_time": 0.5665609836578369, "passed": true}, "6": {"execution_time": 0.547656774520874, "passed": true}, "7": {"execution_time": 0.5145835876464844, "passed": true}, "8": {"execution_time": 0.43233299255371094, "passed": true}, "9": {"execution_time": 0.5777230262756348, "passed": true}, "10": {"execution_time": 0.577444314956665, "passed": true}, "11": {"execution_time": 2.2047157287597656, "passed": true}, "12": {"execution_time": 0.5734174251556396, "passed": true}, "13": {"execution_time": 0.5440430641174316, "passed": true}, "14": {"execution_time": 0.4937310218811035, "passed": true}, "15": {"execution_time": 0.6343827247619629, "passed": true}, "16": {"execution_time": 0.3723893165588379, "passed": true}, "17": {"execution_time": 0.3691141605377197, "passed": true}, "18": {"execution_time": 0.37445831298828125, "passed": true}, "19": {"execution_time": 0.3795771598815918, "passed": true}, "20": {"execution_time": 0.4323089122772217, "passed": true}, "21": {"execution_time": 0.7204163074493408, "passed": true}, "22": {"execution_time": 0.41962361335754395, "passed": true}, "23": {"execution_time": 0.7073850631713867, "passed": true}, "24": {"execution_time": 0.3869318962097168, "passed": true}, "25": {"execution_time": 0.5964300632476807, "passed": true}, "26": {"execution_time": 0.5297243595123291, "passed": true}, "27": {"execution_time": 0.5854711532592773, "passed": true}, "28": {"execution_time": 1.300013780593872, "passed": true}, "29": {"execution_time": 0.2996788024902344, "passed": true}}}, "check_style_score": "0/1"}