{"version": "1", "message": "ERROR: Hidden Testcases server unreachable.", "problem_id": "ads2_m16_a1_1", "user_id": "SaiKiranReddyPitta", "score": {"sample": {"0": {"execution_time": 0.3171043395996094, "passed": true}, "1": {"execution_time": 0.2987966537475586, "passed": true}, "2": {"execution_time": 0.6002700328826904, "passed": true}, "3": {"execution_time": 0.49018335342407227, "passed": true}, "4": {"execution_time": 0.5398473739624023, "passed": true}, "5": {"execution_time": 0.5147664546966553, "passed": true}, "6": {"execution_time": 0.6860461235046387, "passed": true}, "7": {"execution_time": 0.6419696807861328, "passed": true}, "8": {"execution_time": 0.41482043266296387, "passed": true}, "9": {"execution_time": 0.5355539321899414, "passed": true}, "10": {"execution_time": 0.551316499710083, "passed": true}, "11": {"execution_time": 2.5278384685516357, "passed": true}, "12": {"execution_time": 0.6303386688232422, "passed": true}, "13": {"execution_time": 0.254070520401001, "passed": true}, "14": {"execution_time": 0.7065424919128418, "passed": true}, "15": {"execution_time": 0.5907802581787109, "passed": true}, "16": {"execution_time": 0.34746265411376953, "passed": true}, "17": {"execution_time": 0.26773762702941895, "passed": true}, "18": {"execution_time": 0.33792924880981445, "passed": true}, "19": {"execution_time": 0.4194984436035156, "passed": true}, "20": {"execution_time": 0.38646554946899414, "passed": true}, "21": {"execution_time": 0.282015323638916, "passed": true}, "22": {"execution_time": 0.3237111568450928, "passed": true}, "23": {"execution_time": 0.3430962562561035, "passed": true}, "24": {"execution_time": 0.2751164436340332, "passed": true}, "25": {"execution_time": 0.5393080711364746, "passed": true}, "26": {"execution_time": 0.5985448360443115, "passed": true}, "27": {"execution_time": 0.649613618850708, "passed": true}, "28": {"execution_time": 0.8317921161651611, "passed": true}, "29": {"execution_time": 0.22313952445983887, "passed": true}}}, "check_style_score": "1/1"}