{"version": "1", "message": "ERROR: Hidden Testcases server unreachable.", "problem_id": "ads2_m16_a1_1", "user_id": "SaiKiranReddyPitta", "score": {"sample": {"0": {"execution_time": 0.2903003692626953, "passed": true}, "1": {"execution_time": 0.34406328201293945, "passed": true}, "2": {"execution_time": 0.5613250732421875, "passed": true}, "3": {"execution_time": 0.5502214431762695, "passed": true}, "4": {"execution_time": 0.5722355842590332, "passed": true}, "5": {"execution_time": 0.5476908683776855, "passed": true}, "6": {"execution_time": 0.6443390846252441, "passed": true}, "7": {"execution_time": 0.6922571659088135, "passed": true}, "8": {"execution_time": 0.37297725677490234, "passed": true}, "9": {"execution_time": 0.5272469520568848, "passed": true}, "10": {"execution_time": 0.5325610637664795, "passed": true}, "11": {"execution_time": 2.166961193084717, "passed": true}, "12": {"execution_time": 0.6194415092468262, "passed": true}, "13": {"execution_time": 0.2844264507293701, "passed": true}, "14": {"execution_time": 0.554671049118042, "passed": true}, "15": {"execution_time": 0.6062805652618408, "passed": true}, "16": {"execution_time": 0.4311251640319824, "passed": true}, "17": {"execution_time": 0.3846440315246582, "passed": true}, "18": {"execution_time": 0.4037613868713379, "passed": true}, "19": {"execution_time": 0.32183051109313965, "passed": true}, "20": {"execution_time": 0.4709327220916748, "passed": true}, "21": {"execution_time": 0.46962499618530273, "passed": true}, "22": {"execution_time": 0.36246824264526367, "passed": true}, "23": {"execution_time": 0.37964820861816406, "passed": true}, "24": {"execution_time": 0.4321761131286621, "passed": true}, "25": {"execution_time": 0.6002993583679199, "passed": true}, "26": {"execution_time": 0.46674466133117676, "passed": true}, "27": {"execution_time": 0.596989631652832, "passed": true}, "28": {"execution_time": 0.8448371887207031, "passed": true}, "29": {"execution_time": 0.27893662452697754, "passed": true}}}, "check_style_score": "1/1"}