{"version": "1", "message": "ERROR: Hidden Testcases server unreachable.", "problem_id": "ads2_m16_a1_1", "user_id": "SaiKiranReddyPitta", "score": {"sample": {"0": {"execution_time": 0.2612495422363281, "passed": true}, "1": {"execution_time": 0.324749231338501, "passed": true}, "2": {"execution_time": 0.5958778858184814, "passed": true}, "3": {"execution_time": 0.5521700382232666, "passed": true}, "4": {"execution_time": 0.5797450542449951, "passed": true}, "5": {"execution_time": 0.47333621978759766, "passed": true}, "6": {"execution_time": 0.7230634689331055, "passed": true}, "7": {"execution_time": 0.5926496982574463, "passed": true}, "8": {"execution_time": 0.38635826110839844, "passed": true}, "9": {"execution_time": 0.5834286212921143, "passed": true}, "10": {"execution_time": 0.4902656078338623, "passed": true}, "11": {"execution_time": 2.2059569358825684, "passed": true}, "12": {"execution_time": 0.5681624412536621, "passed": true}, "13": {"execution_time": 0.2713322639465332, "passed": true}, "14": {"execution_time": 0.5310759544372559, "passed": true}, "15": {"execution_time": 0.5579361915588379, "passed": true}, "16": {"execution_time": 0.27482151985168457, "passed": true}, "17": {"execution_time": 0.37555432319641113, "passed": true}, "18": {"execution_time": 0.3985128402709961, "passed": true}, "19": {"execution_time": 0.3419210910797119, "passed": true}, "20": {"execution_time": 0.3626072406768799, "passed": true}, "21": {"execution_time": 0.3581662178039551, "passed": true}, "22": {"execution_time": 0.36599230766296387, "passed": true}, "23": {"execution_time": 0.3543531894683838, "passed": true}, "24": {"execution_time": 0.2399144172668457, "passed": true}, "25": {"execution_time": 0.6299576759338379, "passed": true}, "26": {"execution_time": 0.565622091293335, "passed": true}, "27": {"execution_time": 0.6317877769470215, "passed": true}, "28": {"execution_time": 0.7563660144805908, "passed": true}, "29": {"execution_time": 0.2304856777191162, "passed": false}}}, "check_style_score": "0/1"}