{"version": "1", "message": "ERROR: Hidden Testcases server unreachable.", "problem_id": "ads2_m16_a1_1", "user_id": "SaiKiranReddyPitta", "score": {"sample": {"0": {"execution_time": 0.4323914051055908, "passed": true}, "1": {"execution_time": 0.4074561595916748, "passed": true}, "2": {"execution_time": 0.5023865699768066, "passed": true}, "3": {"execution_time": 0.5446481704711914, "passed": true}, "4": {"execution_time": 0.50105881690979, "passed": true}, "5": {"execution_time": 0.47205281257629395, "passed": true}, "6": {"execution_time": 0.5725042819976807, "passed": true}, "7": {"execution_time": 0.5392017364501953, "passed": true}, "8": {"execution_time": 0.3379335403442383, "passed": true}, "9": {"execution_time": 0.5619757175445557, "passed": true}, "10": {"execution_time": 0.5159330368041992, "passed": true}, "11": {"execution_time": 2.2085611820220947, "passed": true}, "12": {"execution_time": 0.5787432193756104, "passed": true}, "13": {"execution_time": 0.3082010746002197, "passed": true}, "14": {"execution_time": 0.5561001300811768, "passed": true}, "15": {"execution_time": 0.5435740947723389, "passed": true}, "16": {"execution_time": 0.34963345527648926, "passed": true}, "17": {"execution_time": 0.3365457057952881, "passed": true}, "18": {"execution_time": 0.3356914520263672, "passed": true}, "19": {"execution_time": 0.37194085121154785, "passed": true}, "20": {"execution_time": 0.30107808113098145, "passed": true}, "21": {"execution_time": 0.31856870651245117, "passed": true}, "22": {"execution_time": 0.25961899757385254, "passed": true}, "23": {"execution_time": 0.26227903366088867, "passed": true}, "24": {"execution_time": 0.3320631980895996, "passed": true}, "25": {"execution_time": 0.5729990005493164, "passed": true}, "26": {"execution_time": 0.6076188087463379, "passed": true}, "27": {"execution_time": 0.6918895244598389, "passed": true}, "28": {"execution_time": 1.0872607231140137, "passed": true}, "29": {"execution_time": 0.18419384956359863, "passed": true}}}, "check_style_score": "0/1"}