{"version": "1", "message": "ERROR: Hidden Testcases server unreachable.", "problem_id": "ads2_m16_a1_1", "user_id": "ktej95", "score": {"sample": {"0": {"execution_time": 0.2553865909576416, "passed": true}, "1": {"execution_time": 0.22688984870910645, "passed": true}, "2": {"execution_time": 0.565516471862793, "passed": true}, "3": {"execution_time": 0.5330386161804199, "passed": true}, "4": {"execution_time": 0.5027375221252441, "passed": true}, "5": {"execution_time": 0.5340769290924072, "passed": true}, "6": {"execution_time": 0.5144021511077881, "passed": true}, "7": {"execution_time": 0.5286288261413574, "passed": true}, "8": {"execution_time": 0.32802724838256836, "passed": true}, "9": {"execution_time": 0.5106427669525146, "passed": true}, "10": {"execution_time": 0.5342578887939453, "passed": true}, "11": {"execution_time": 2.0504746437072754, "passed": true}, "12": {"execution_time": 0.5688257217407227, "passed": true}, "13": {"execution_time": 0.2349228858947754, "passed": true}, "14": {"execution_time": 0.5416004657745361, "passed": true}, "15": {"execution_time": 0.5191612243652344, "passed": true}, "16": {"execution_time": 0.26589369773864746, "passed": true}, "17": {"execution_time": 0.2892465591430664, "passed": true}, "18": {"execution_time": 0.27239370346069336, "passed": true}, "19": {"execution_time": 0.29338717460632324, "passed": true}, "20": {"execution_time": 0.2852897644042969, "passed": true}, "21": {"execution_time": 0.26325392723083496, "passed": true}, "22": {"execution_time": 0.2803330421447754, "passed": true}, "23": {"execution_time": 0.27437448501586914, "passed": true}, "24": {"execution_time": 0.24901199340820312, "passed": true}, "25": {"execution_time": 0.538560152053833, "passed": true}, "26": {"execution_time": 0.47164249420166016, "passed": true}, "27": {"execution_time": 0.5560638904571533, "passed": true}, "28": {"execution_time": 0.8758509159088135, "passed": true}, "29": {"execution_time": 0.15200209617614746, "passed": true}}}, "check_style_score": "1/1"}