{"version": "1", "message": "ERROR: Hidden Testcases server unreachable.", "problem_id": "ads2_m16_a1_1", "user_id": "SaiKiranReddyPitta", "score": {"sample": {"0": {"execution_time": 0.300584077835083, "passed": true}, "1": {"execution_time": 0.28583717346191406, "passed": true}, "2": {"execution_time": 0.6010773181915283, "passed": true}, "3": {"execution_time": 0.608006477355957, "passed": true}, "4": {"execution_time": 0.5527408123016357, "passed": true}, "5": {"execution_time": 0.7877132892608643, "passed": true}, "6": {"execution_time": 0.5266814231872559, "passed": true}, "7": {"execution_time": 0.5173735618591309, "passed": true}, "8": {"execution_time": 0.26947641372680664, "passed": true}, "9": {"execution_time": 0.580003023147583, "passed": true}, "10": {"execution_time": 0.6463661193847656, "passed": true}, "11": {"execution_time": 2.2328078746795654, "passed": true}, "12": {"execution_time": 0.5822515487670898, "passed": true}, "13": {"execution_time": 0.3254847526550293, "passed": true}, "14": {"execution_time": 0.581385612487793, "passed": true}, "15": {"execution_time": 0.6983187198638916, "passed": true}, "16": {"execution_time": 0.29250335693359375, "passed": true}, "17": {"execution_time": 0.32249879837036133, "passed": true}, "18": {"execution_time": 0.4216275215148926, "passed": true}, "19": {"execution_time": 0.4183053970336914, "passed": true}, "20": {"execution_time": 0.3360252380371094, "passed": true}, "21": {"execution_time": 0.29550743103027344, "passed": true}, "22": {"execution_time": 0.3153340816497803, "passed": true}, "23": {"execution_time": 0.3150341510772705, "passed": true}, "24": {"execution_time": 0.24448037147521973, "passed": true}, "25": {"execution_time": 0.8205275535583496, "passed": true}, "26": {"execution_time": 0.6207468509674072, "passed": true}, "27": {"execution_time": 0.7259917259216309, "passed": true}, "28": {"execution_time": 0.8138682842254639, "passed": true}, "29": {"execution_time": 0.19162583351135254, "passed": true}}}, "check_style_score": "0/1"}