{"version": "1", "message": "ERROR: Hidden Testcases server unreachable.", "problem_id": "ads2_m16_a1_1", "user_id": "SaiKiranReddyPitta", "score": {"sample": {"0": {"execution_time": 0.24466228485107422, "passed": true}, "1": {"execution_time": 0.24512815475463867, "passed": true}, "2": {"execution_time": 0.483351469039917, "passed": true}, "3": {"execution_time": 0.4819159507751465, "passed": true}, "4": {"execution_time": 0.48717331886291504, "passed": true}, "5": {"execution_time": 0.4856855869293213, "passed": true}, "6": {"execution_time": 0.48659729957580566, "passed": true}, "7": {"execution_time": 0.48815107345581055, "passed": true}, "8": {"execution_time": 0.2836153507232666, "passed": true}, "9": {"execution_time": 0.47733163833618164, "passed": true}, "10": {"execution_time": 0.4791274070739746, "passed": true}, "11": {"execution_time": 2.2958157062530518, "passed": true}, "12": {"execution_time": 0.5116596221923828, "passed": true}, "13": {"execution_time": 0.2617919445037842, "passed": true}, "14": {"execution_time": 0.5068256855010986, "passed": true}, "15": {"execution_time": 0.5165939331054688, "passed": true}, "16": {"execution_time": 0.2753868103027344, "passed": true}, "17": {"execution_time": 0.2775886058807373, "passed": true}, "18": {"execution_time": 0.2732229232788086, "passed": true}, "19": {"execution_time": 0.28458571434020996, "passed": true}, "20": {"execution_time": 0.3043851852416992, "passed": true}, "21": {"execution_time": 0.26908302307128906, "passed": true}, "22": {"execution_time": 0.27031397819519043, "passed": true}, "23": {"execution_time": 0.27933359146118164, "passed": true}, "24": {"execution_time": 0.2223353385925293, "passed": true}, "25": {"execution_time": 0.523582935333252, "passed": true}, "26": {"execution_time": 0.47217535972595215, "passed": true}, "27": {"execution_time": 0.52504563331604, "passed": true}, "28": {"execution_time": 0.8054659366607666, "passed": true}, "29": {"execution_time": 0.18585658073425293, "passed": true}}}, "check_style_score": "0/1"}